id,date,person,category,description,amount,payment_method,note,month_name,month_num,year,quarter,day_of_week,is_weekend,amount_bucket
109,2024-01-01,Rohan Das,Utilities,Gas Bill,1272.41,UPI,N/A,January,1,2024,Q1,Monday,False,Medium (₹500–2K)
306,2024-01-04,Priya Sharma,Travel,Flight Booking,5511.62,UPI,Reference #4791,January,1,2024,Q1,Thursday,False,Very High (>₹5K)
490,2024-01-05,Arjun Mehta,Food & Dining,Cafe Coffee,1745.78,Debit Card,N/A,January,1,2024,Q1,Friday,False,Medium (₹500–2K)
85,2024-01-06,Anita Joshi,Entertainment,Movie Ticket,624.91,Net Banking,Reference #2402,January,1,2024,Q1,Saturday,True,Medium (₹500–2K)
451,2024-01-07,Sunita Patel,Shopping,Meesho Order,4602.38,UPI,N/A,January,1,2024,Q1,Sunday,True,High (₹2K–5K)
80,2024-01-07,Sunita Patel,Food & Dining,Cafe Coffee,1654.1,UPI,N/A,January,1,2024,Q1,Sunday,True,Medium (₹500–2K)
308,2024-01-07,Priya Sharma,Food & Dining,Swiggy Delivery,1423.94,Cash,N/A,January,1,2024,Q1,Sunday,True,Medium (₹500–2K)
411,2024-01-07,Priya Sharma,Education,Udemy Purchase,1129.07,Cash,Reference #3141,January,1,2024,Q1,Sunday,True,Medium (₹500–2K)
394,2024-01-07,Anita Joshi,Food & Dining,Food & Dining Expense,2160.85,Credit Card,Reference #8729,January,1,2024,Q1,Sunday,True,High (₹2K–5K)
382,2024-01-07,Anita Joshi,Food & Dining,Grocery Shopping,2232.94,Debit Card,Reference #3162,January,1,2024,Q1,Sunday,True,High (₹2K–5K)
138,2024-01-08,Anita Joshi,Transportation,Metro Card Recharge,643.01,Debit Card,N/A,January,1,2024,Q1,Monday,False,Medium (₹500–2K)
316,2024-01-09,Priya Sharma,Food & Dining,Swiggy Delivery,2141.03,Credit Card,N/A,January,1,2024,Q1,Tuesday,False,High (₹2K–5K)
287,2024-01-09,Rohan Das,Health & Medical,Pharmacy,2815.09,Credit Card,Reference #2102,January,1,2024,Q1,Tuesday,False,High (₹2K–5K)
425,2024-01-11,Priya Sharma,Food & Dining,Cafe Coffee,1543.99,Net Banking,Reference #1011,January,1,2024,Q1,Thursday,False,Medium (₹500–2K)
280,2024-01-12,Anita Joshi,Transportation,Petrol Fill,655.19,UPI,N/A,January,1,2024,Q1,Friday,False,Medium (₹500–2K)
400,2024-01-13,Arjun Mehta,Food & Dining,Swiggy Delivery,2337.75,Credit Card,N/A,January,1,2024,Q1,Saturday,True,High (₹2K–5K)
77,2024-01-14,Arjun Mehta,Travel,Taxi for Trip,1310.74,Debit Card,Reference #7149,January,1,2024,Q1,Sunday,True,Medium (₹500–2K)
333,2024-01-14,Anita Joshi,Food & Dining,Cafe Coffee,1942.28,Wallet,N/A,January,1,2024,Q1,Sunday,True,Medium (₹500–2K)
2,2024-01-16,Anita Joshi,Food & Dining,Restaurant Bill,1112.61,Cash,N/A,January,1,2024,Q1,Tuesday,False,Medium (₹500–2K)
355,2024-01-16,Rohan Das,Shopping,Flipkart Order,596.82,UPI,Reference #5785,January,1,2024,Q1,Tuesday,False,Medium (₹500–2K)
220,2024-01-17,Sunita Patel,Transportation,Bus Pass,762.1,Net Banking,N/A,January,1,2024,Q1,Wednesday,False,Medium (₹500–2K)
312,2024-01-17,Priya Sharma,Health & Medical,Medicine,2588.84,Cash,Reference #7213,January,1,2024,Q1,Wednesday,False,High (₹2K–5K)
447,2024-01-18,Priya Sharma,Transportation,Metro Card Recharge,690.45,Net Banking,N/A,January,1,2024,Q1,Thursday,False,Medium (₹500–2K)
395,2024-01-19,Arjun Mehta,Food & Dining,Home Cooked Supplies,2404.82,Net Banking,Reference #7870,January,1,2024,Q1,Friday,False,High (₹2K–5K)
265,2024-01-20,Arjun Mehta,Shopping,Flipkart Order,3670.96,UPI,N/A,January,1,2024,Q1,Saturday,True,High (₹2K–5K)
191,2024-01-20,Anita Joshi,Education,Books & Stationery,4476.57,Wallet,N/A,January,1,2024,Q1,Saturday,True,High (₹2K–5K)
45,2024-01-21,Sunita Patel,Utilities,Mobile Recharge,1234.96,Cash,N/A,January,1,2024,Q1,Sunday,True,Medium (₹500–2K)
497,2024-01-24,Sunita Patel,Transportation,Bus Pass,136.93,Cash,Reference #3793,January,1,2024,Q1,Wednesday,False,Low (<₹500)
397,2024-01-24,Priya Sharma,Food & Dining,Zomato Order,2030.41,UPI,N/A,January,1,2024,Q1,Wednesday,False,High (₹2K–5K)
288,2024-01-25,Priya Sharma,Transportation,Transportation Expense,554.02,Credit Card,N/A,January,1,2024,Q1,Thursday,False,Medium (₹500–2K)
414,2024-01-26,Sunita Patel,Food & Dining,Swiggy Delivery,2361.47,Credit Card,N/A,January,1,2024,Q1,Friday,False,High (₹2K–5K)
72,2024-01-26,Rohan Das,Food & Dining,Cafe Coffee,1208.08,Debit Card,Reference #6363,January,1,2024,Q1,Friday,False,Medium (₹500–2K)
353,2024-01-28,Arjun Mehta,Rent & Housing,Monthly Rent,8412.01,Cash,Reference #8939,January,1,2024,Q1,Sunday,True,Very High (>₹5K)
476,2024-01-28,Sunita Patel,Transportation,Metro Card Recharge,138.34,Wallet,N/A,January,1,2024,Q1,Sunday,True,Low (<₹500)
10,2024-01-29,Anita Joshi,Food & Dining,Zomato Order,878.28,Credit Card,N/A,January,1,2024,Q1,Monday,False,Medium (₹500–2K)
289,2024-01-29,Arjun Mehta,Shopping,Clothing Store,3821.05,Credit Card,N/A,January,1,2024,Q1,Monday,False,High (₹2K–5K)
384,2024-01-31,Priya Sharma,Rent & Housing,Society Charges,3477.92,Cash,Reference #9300,January,1,2024,Q1,Wednesday,False,High (₹2K–5K)
500,2024-01-31,Arjun Mehta,Food & Dining,Zomato Order,1770.81,Credit Card,N/A,January,1,2024,Q1,Wednesday,False,Medium (₹500–2K)
291,2024-02-01,Anita Joshi,Food & Dining,Swiggy Delivery,821.2,Net Banking,N/A,February,2,2024,Q1,Thursday,False,Medium (₹500–2K)
210,2024-02-02,Rohan Das,Health & Medical,Medicine,2453.34,Wallet,Reference #1605,February,2,2024,Q1,Friday,False,High (₹2K–5K)
38,2024-02-05,Sunita Patel,Food & Dining,Grocery Shopping,937.62,Credit Card,Reference #5669,February,2,2024,Q1,Monday,False,Medium (₹500–2K)
376,2024-02-05,Arjun Mehta,Health & Medical,Gym Membership,2063.7,Net Banking,N/A,February,2,2024,Q1,Monday,False,High (₹2K–5K)
123,2024-02-05,Rohan Das,Utilities,Internet Bill,246.67,Net Banking,N/A,February,2,2024,Q1,Monday,False,Low (<₹500)
224,2024-02-07,Rohan Das,Food & Dining,Restaurant Bill,425.75,UPI,N/A,February,2,2024,Q1,Wednesday,False,Low (<₹500)
404,2024-02-08,Anita Joshi,Food & Dining,Swiggy Delivery,2067.91,Net Banking,N/A,February,2,2024,Q1,Thursday,False,High (₹2K–5K)
98,2024-02-08,Priya Sharma,Food & Dining,Zomato Order,517.15,Credit Card,N/A,February,2,2024,Q1,Thursday,False,Medium (₹500–2K)
315,2024-02-08,Anita Joshi,Transportation,Petrol Fill,84.92,Wallet,N/A,February,2,2024,Q1,Thursday,False,Low (<₹500)
172,2024-02-09,Priya Sharma,Transportation,Metro Card Recharge,394.82,Debit Card,N/A,February,2,2024,Q1,Friday,False,Low (<₹500)
318,2024-02-10,Arjun Mehta,Education,Books & Stationery,3601.9,Net Banking,Reference #1879,February,2,2024,Q1,Saturday,True,High (₹2K–5K)
371,2024-02-12,Sunita Patel,Food & Dining,Home Cooked Supplies,965.04,Debit Card,Reference #3711,February,2,2024,Q1,Monday,False,Medium (₹500–2K)
341,2024-02-13,Priya Sharma,Shopping,Grocery Mart,1618.07,Credit Card,Reference #3321,February,2,2024,Q1,Tuesday,False,Medium (₹500–2K)
270,2024-02-14,Rohan Das,Education,Online Course,2818.76,UPI,N/A,February,2,2024,Q1,Wednesday,False,High (₹2K–5K)
366,2024-02-17,Priya Sharma,Utilities,DTH Recharge,1301.32,UPI,N/A,February,2,2024,Q1,Saturday,True,Medium (₹500–2K)
112,2024-02-17,Sunita Patel,Shopping,Amazon Purchase,2850.81,Credit Card,N/A,February,2,2024,Q1,Saturday,True,High (₹2K–5K)
498,2024-02-17,Rohan Das,Travel,Hotel Stay,2512.32,Debit Card,Reference #3996,February,2,2024,Q1,Saturday,True,High (₹2K–5K)
437,2024-02-17,Priya Sharma,Shopping,Meesho Order,4511.0,Credit Card,N/A,February,2,2024,Q1,Saturday,True,High (₹2K–5K)
314,2024-02-18,Sunita Patel,Shopping,Amazon Purchase,4318.21,UPI,Reference #4764,February,2,2024,Q1,Sunday,True,High (₹2K–5K)
362,2024-02-18,Anita Joshi,Personal Care,Spa,1051.02,Credit Card,N/A,February,2,2024,Q1,Sunday,True,Medium (₹500–2K)
246,2024-02-19,Anita Joshi,Entertainment,OTT Platform,325.74,UPI,N/A,February,2,2024,Q1,Monday,False,Low (<₹500)
27,2024-02-20,Priya Sharma,Health & Medical,Medicine,2954.08,Cash,N/A,February,2,2024,Q1,Tuesday,False,High (₹2K–5K)
97,2024-02-20,Anita Joshi,Food & Dining,Home Cooked Supplies,2404.26,Credit Card,Reference #4457,February,2,2024,Q1,Tuesday,False,High (₹2K–5K)
378,2024-02-21,Rohan Das,Utilities,Electricity Bill,312.69,Net Banking,Reference #7291,February,2,2024,Q1,Wednesday,False,Low (<₹500)
421,2024-02-21,Anita Joshi,Personal Care,Skincare Products,1463.57,Credit Card,N/A,February,2,2024,Q1,Wednesday,False,Medium (₹500–2K)
262,2024-02-21,Anita Joshi,Food & Dining,Grocery Shopping,658.81,UPI,Reference #8739,February,2,2024,Q1,Wednesday,False,Medium (₹500–2K)
393,2024-02-22,Arjun Mehta,Transportation,Uber Ride,241.34,Net Banking,Reference #2889,February,2,2024,Q1,Thursday,False,Low (<₹500)
436,2024-02-23,Priya Sharma,Rent & Housing,Rent & Housing Expense,6824.6,Net Banking,Reference #7151,February,2,2024,Q1,Friday,False,Very High (>₹5K)
130,2024-02-24,Arjun Mehta,Personal Care,Spa,1294.67,Credit Card,N/A,February,2,2024,Q1,Saturday,True,Medium (₹500–2K)
337,2024-02-25,Anita Joshi,Shopping,Grocery Mart,4589.13,UPI,Reference #6816,February,2,2024,Q1,Sunday,True,High (₹2K–5K)
253,2024-02-26,Arjun Mehta,Food & Dining,Zomato Order,2375.69,Credit Card,Reference #8225,February,2,2024,Q1,Monday,False,High (₹2K–5K)
442,2024-02-29,Sunita Patel,Personal Care,Spa,763.0,Debit Card,N/A,February,2,2024,Q1,Thursday,False,Medium (₹500–2K)
40,2024-02-29,Priya Sharma,Travel,Travel Expense,1507.18,Cash,Reference #3546,February,2,2024,Q1,Thursday,False,Medium (₹500–2K)
52,2024-02-29,Sunita Patel,Transportation,Metro Card Recharge,788.18,UPI,Reference #4114,February,2,2024,Q1,Thursday,False,Medium (₹500–2K)
284,2024-03-01,Anita Joshi,Food & Dining,Swiggy Delivery,2164.69,Credit Card,N/A,March,3,2024,Q1,Friday,False,High (₹2K–5K)
350,2024-03-01,Anita Joshi,Food & Dining,Food & Dining Expense,421.47,Credit Card,Reference #2916,March,3,2024,Q1,Friday,False,Low (<₹500)
145,2024-03-03,Sunita Patel,Food & Dining,Zomato Order,762.12,UPI,N/A,March,3,2024,Q1,Sunday,True,Medium (₹500–2K)
226,2024-03-03,Arjun Mehta,Education,Udemy Purchase,2789.4,Credit Card,N/A,March,3,2024,Q1,Sunday,True,High (₹2K–5K)
62,2024-03-03,Anita Joshi,Transportation,Bus Pass,468.05,UPI,N/A,March,3,2024,Q1,Sunday,True,Low (<₹500)
213,2024-03-04,Priya Sharma,Utilities,DTH Recharge,631.5,UPI,N/A,March,3,2024,Q1,Monday,False,Medium (₹500–2K)
461,2024-03-04,Rohan Das,Shopping,Flipkart Order,3249.97,Debit Card,N/A,March,3,2024,Q1,Monday,False,High (₹2K–5K)
230,2024-03-07,Anita Joshi,Health & Medical,Gym Membership,627.69,UPI,N/A,March,3,2024,Q1,Thursday,False,Medium (₹500–2K)
135,2024-03-08,Sunita Patel,Entertainment,OTT Platform,433.72,Net Banking,N/A,March,3,2024,Q1,Friday,False,Low (<₹500)
370,2024-03-08,Rohan Das,Food & Dining,Food & Dining Expense,1752.62,Wallet,N/A,March,3,2024,Q1,Friday,False,Medium (₹500–2K)
279,2024-03-08,Anita Joshi,Transportation,Auto Rickshaw,91.73,Net Banking,N/A,March,3,2024,Q1,Friday,False,Low (<₹500)
274,2024-03-09,Sunita Patel,Transportation,Bus Pass,215.64,UPI,N/A,March,3,2024,Q1,Saturday,True,Low (<₹500)
485,2024-03-09,Sunita Patel,Transportation,Auto Rickshaw,565.09,Debit Card,N/A,March,3,2024,Q1,Saturday,True,Medium (₹500–2K)
406,2024-03-10,Sunita Patel,Food & Dining,Zomato Order,2364.53,Net Banking,Reference #3546,March,3,2024,Q1,Sunday,True,High (₹2K–5K)
13,2024-03-11,Rohan Das,Transportation,Auto Rickshaw,797.99,Net Banking,N/A,March,3,2024,Q1,Monday,False,Medium (₹500–2K)
196,2024-03-11,Arjun Mehta,Education,Online Course,4105.67,Debit Card,N/A,March,3,2024,Q1,Monday,False,High (₹2K–5K)
351,2024-03-11,Arjun Mehta,Shopping,Electronics,2207.55,Debit Card,N/A,March,3,2024,Q1,Monday,False,High (₹2K–5K)
221,2024-03-11,Sunita Patel,Transportation,Petrol Fill,107.66,Net Banking,Reference #7521,March,3,2024,Q1,Monday,False,Low (<₹500)
360,2024-03-12,Anita Joshi,Health & Medical,Pharmacy,581.35,Credit Card,N/A,March,3,2024,Q1,Tuesday,False,Medium (₹500–2K)
101,2024-03-13,Arjun Mehta,Health & Medical,Doctor Consultation,2734.39,Cash,N/A,March,3,2024,Q1,Wednesday,False,High (₹2K–5K)
402,2024-03-13,Arjun Mehta,Transportation,Petrol Fill,770.89,Wallet,Reference #2524,March,3,2024,Q1,Wednesday,False,Medium (₹500–2K)
164,2024-03-13,Arjun Mehta,Shopping,Amazon Purchase,2123.76,UPI,N/A,March,3,2024,Q1,Wednesday,False,High (₹2K–5K)
363,2024-03-15,Arjun Mehta,Entertainment,OTT Platform,352.11,Wallet,N/A,March,3,2024,Q1,Friday,False,Low (<₹500)
259,2024-03-15,Rohan Das,Education,Online Course,4795.74,Debit Card,N/A,March,3,2024,Q1,Friday,False,High (₹2K–5K)
75,2024-03-19,Arjun Mehta,Food & Dining,Restaurant Bill,148.91,Credit Card,N/A,March,3,2024,Q1,Tuesday,False,Low (<₹500)
157,2024-03-19,Sunita Patel,Health & Medical,Medicine,1185.47,Wallet,Reference #2099,March,3,2024,Q1,Tuesday,False,Medium (₹500–2K)
177,2024-03-19,Arjun Mehta,Rent & Housing,Rent & Housing Expense,5081.99,UPI,N/A,March,3,2024,Q1,Tuesday,False,Very High (>₹5K)
322,2024-03-19,Arjun Mehta,Transportation,Auto Rickshaw,637.92,Wallet,Reference #6188,March,3,2024,Q1,Tuesday,False,Medium (₹500–2K)
166,2024-03-20,Anita Joshi,Shopping,Meesho Order,4440.04,Credit Card,N/A,March,3,2024,Q1,Wednesday,False,High (₹2K–5K)
190,2024-03-20,Rohan Das,Food & Dining,Food & Dining Expense,2499.94,Cash,N/A,March,3,2024,Q1,Wednesday,False,High (₹2K–5K)
121,2024-03-20,Arjun Mehta,Transportation,Auto Rickshaw,541.09,Cash,Reference #5342,March,3,2024,Q1,Wednesday,False,Medium (₹500–2K)
165,2024-03-21,Arjun Mehta,Transportation,Petrol Fill,390.23,Debit Card,N/A,March,3,2024,Q1,Thursday,False,Low (<₹500)
428,2024-03-21,Sunita Patel,Rent & Housing,Society Charges,4637.42,UPI,N/A,March,3,2024,Q1,Thursday,False,High (₹2K–5K)
369,2024-03-21,Rohan Das,Food & Dining,Cafe Coffee,2330.64,UPI,N/A,March,3,2024,Q1,Thursday,False,High (₹2K–5K)
263,2024-03-21,Arjun Mehta,Food & Dining,Home Cooked Supplies,1420.85,UPI,N/A,March,3,2024,Q1,Thursday,False,Medium (₹500–2K)
240,2024-03-22,Rohan Das,Utilities,Gas Bill,743.58,Cash,Reference #6123,March,3,2024,Q1,Friday,False,Medium (₹500–2K)
432,2024-03-26,Priya Sharma,Food & Dining,Zomato Order,2457.71,Wallet,N/A,March,3,2024,Q1,Tuesday,False,High (₹2K–5K)
327,2024-03-26,Sunita Patel,Rent & Housing,Society Charges,4751.22,Net Banking,N/A,March,3,2024,Q1,Tuesday,False,High (₹2K–5K)
313,2024-03-28,Rohan Das,Food & Dining,Cafe Coffee,122.68,Cash,N/A,March,3,2024,Q1,Thursday,False,Low (<₹500)
383,2024-03-29,Anita Joshi,Transportation,Ola Cab,459.77,UPI,N/A,March,3,2024,Q1,Friday,False,Low (<₹500)
352,2024-03-29,Anita Joshi,Entertainment,Movie Ticket,1325.99,Net Banking,Reference #9022,March,3,2024,Q1,Friday,False,Medium (₹500–2K)
209,2024-03-30,Sunita Patel,Shopping,Grocery Mart,4104.84,UPI,N/A,March,3,2024,Q1,Saturday,True,High (₹2K–5K)
496,2024-03-30,Sunita Patel,Rent & Housing,Water Bill,3600.96,Cash,N/A,March,3,2024,Q1,Saturday,True,High (₹2K–5K)
105,2024-03-30,Sunita Patel,Shopping,Grocery Mart,3862.92,Debit Card,N/A,March,3,2024,Q1,Saturday,True,High (₹2K–5K)
148,2024-03-30,Arjun Mehta,Personal Care,Salon Visit,856.3,Cash,Reference #3159,March,3,2024,Q1,Saturday,True,Medium (₹500–2K)
426,2024-03-31,Anita Joshi,Food & Dining,Zomato Order,413.17,Debit Card,Reference #1359,March,3,2024,Q1,Sunday,True,Low (<₹500)
126,2024-04-02,Anita Joshi,Transportation,Bus Pass,561.35,Credit Card,N/A,April,4,2024,Q2,Tuesday,False,Medium (₹500–2K)
345,2024-04-04,Rohan Das,Food & Dining,Home Cooked Supplies,1072.11,Credit Card,Reference #8080,April,4,2024,Q2,Thursday,False,Medium (₹500–2K)
222,2024-04-05,Sunita Patel,Food & Dining,Food & Dining Expense,372.28,UPI,N/A,April,4,2024,Q2,Friday,False,Low (<₹500)
114,2024-04-07,Arjun Mehta,Transportation,Metro Card Recharge,158.48,Net Banking,N/A,April,4,2024,Q2,Sunday,True,Low (<₹500)
296,2024-04-07,Sunita Patel,Food & Dining,Grocery Shopping,1839.0,Cash,N/A,April,4,2024,Q2,Sunday,True,Medium (₹500–2K)
472,2024-04-07,Priya Sharma,Shopping,Grocery Mart,4974.82,Credit Card,N/A,April,4,2024,Q2,Sunday,True,High (₹2K–5K)
268,2024-04-08,Arjun Mehta,Utilities,Internet Bill,808.43,Cash,N/A,April,4,2024,Q2,Monday,False,Medium (₹500–2K)
59,2024-04-11,Arjun Mehta,Health & Medical,Doctor Consultation,751.46,Credit Card,Reference #1757,April,4,2024,Q2,Thursday,False,Medium (₹500–2K)
301,2024-04-14,Rohan Das,Entertainment,OTT Platform,708.44,Debit Card,Reference #7781,April,4,2024,Q2,Sunday,True,Medium (₹500–2K)
493,2024-04-16,Sunita Patel,Food & Dining,Cafe Coffee,1415.53,Wallet,Reference #6416,April,4,2024,Q2,Tuesday,False,Medium (₹500–2K)
84,2024-04-18,Rohan Das,Utilities,Internet Bill,436.39,Net Banking,Reference #6576,April,4,2024,Q2,Thursday,False,Low (<₹500)
367,2024-04-18,Anita Joshi,Transportation,Petrol Fill,776.1,UPI,N/A,April,4,2024,Q2,Thursday,False,Medium (₹500–2K)
30,2024-04-19,Arjun Mehta,Food & Dining,Zomato Order,1265.54,UPI,Reference #3697,April,4,2024,Q2,Friday,False,Medium (₹500–2K)
242,2024-04-20,Rohan Das,Shopping,Amazon Purchase,4840.1,Debit Card,Reference #1828,April,4,2024,Q2,Saturday,True,High (₹2K–5K)
467,2024-04-21,Rohan Das,Utilities,Gas Bill,796.7,Net Banking,N/A,April,4,2024,Q2,Sunday,True,Medium (₹500–2K)
175,2024-04-23,Rohan Das,Utilities,Mobile Recharge,1169.55,Net Banking,N/A,April,4,2024,Q2,Tuesday,False,Medium (₹500–2K)
464,2024-04-23,Anita Joshi,Entertainment,Movie Ticket,507.21,Wallet,Reference #4387,April,4,2024,Q2,Tuesday,False,Medium (₹500–2K)
431,2024-04-23,Sunita Patel,Utilities,Electricity Bill,1457.79,UPI,Reference #9129,April,4,2024,Q2,Tuesday,False,Medium (₹500–2K)
339,2024-04-23,Rohan Das,Food & Dining,Home Cooked Supplies,336.66,Net Banking,N/A,April,4,2024,Q2,Tuesday,False,Low (<₹500)
1,2024-04-24,Priya Sharma,Food & Dining,Home Cooked Supplies,760.07,Credit Card,N/A,April,4,2024,Q2,Wednesday,False,Medium (₹500–2K)
74,2024-04-24,Anita Joshi,Food & Dining,Zomato Order,2384.61,Wallet,N/A,April,4,2024,Q2,Wednesday,False,High (₹2K–5K)
444,2024-04-25,Priya Sharma,Rent & Housing,Room Rent,8580.7,Cash,Reference #2009,April,4,2024,Q2,Thursday,False,Very High (>₹5K)
320,2024-04-26,Sunita Patel,Education,College Fee,2527.48,Debit Card,N/A,April,4,2024,Q2,Friday,False,High (₹2K–5K)
104,2024-04-27,Sunita Patel,Health & Medical,Gym Membership,175.01,Wallet,N/A,April,4,2024,Q2,Saturday,True,Low (<₹500)
132,2024-04-27,Rohan Das,Education,Books & Stationery,4563.21,Net Banking,N/A,April,4,2024,Q2,Saturday,True,High (₹2K–5K)
23,2024-04-27,Priya Sharma,Transportation,Bus Pass,491.23,Net Banking,Reference #1117,April,4,2024,Q2,Saturday,True,Low (<₹500)
147,2024-04-29,Anita Joshi,Food & Dining,Restaurant Bill,618.28,Debit Card,Reference #1046,April,4,2024,Q2,Monday,False,Medium (₹500–2K)
34,2024-04-30,Arjun Mehta,Food & Dining,Zomato Order,263.11,UPI,N/A,April,4,2024,Q2,Tuesday,False,Low (<₹500)
359,2024-05-01,Priya Sharma,Transportation,Uber Ride,795.47,Credit Card,N/A,May,5,2024,Q2,Wednesday,False,Medium (₹500–2K)
299,2024-05-02,Anita Joshi,Entertainment,OTT Platform,853.6,Net Banking,Reference #5637,May,5,2024,Q2,Thursday,False,Medium (₹500–2K)
381,2024-05-02,Rohan Das,Rent & Housing,Monthly Rent,3654.83,Net Banking,N/A,May,5,2024,Q2,Thursday,False,High (₹2K–5K)
203,2024-05-02,Sunita Patel,Food & Dining,Home Cooked Supplies,392.44,UPI,Reference #8489,May,5,2024,Q2,Thursday,False,Low (<₹500)
470,2024-05-03,Sunita Patel,Food & Dining,Food & Dining Expense,1341.5,Cash,N/A,May,5,2024,Q2,Friday,False,Medium (₹500–2K)
174,2024-05-04,Sunita Patel,Food & Dining,Swiggy Delivery,2126.76,UPI,N/A,May,5,2024,Q2,Saturday,True,High (₹2K–5K)
303,2024-05-05,Arjun Mehta,Rent & Housing,Water Bill,7558.08,Net Banking,N/A,May,5,2024,Q2,Sunday,True,Very High (>₹5K)
9,2024-05-05,Priya Sharma,Health & Medical,Medicine,596.3,Credit Card,Reference #7216,May,5,2024,Q2,Sunday,True,Medium (₹500–2K)
358,2024-05-06,Rohan Das,Food & Dining,Zomato Order,2092.17,Debit Card,Reference #8368,May,5,2024,Q2,Monday,False,High (₹2K–5K)
95,2024-05-07,Anita Joshi,Travel,Taxi for Trip,1138.86,Cash,N/A,May,5,2024,Q2,Tuesday,False,Medium (₹500–2K)
232,2024-05-08,Anita Joshi,Utilities,Gas Bill,1299.71,Net Banking,Reference #5496,May,5,2024,Q2,Wednesday,False,Medium (₹500–2K)
295,2024-05-10,Anita Joshi,Shopping,Grocery Mart,2064.41,Credit Card,N/A,May,5,2024,Q2,Friday,False,High (₹2K–5K)
76,2024-05-11,Anita Joshi,Travel,Flight Booking,3987.75,Debit Card,N/A,May,5,2024,Q2,Saturday,True,High (₹2K–5K)
260,2024-05-11,Priya Sharma,Transportation,Auto Rickshaw,381.78,Wallet,Reference #4505,May,5,2024,Q2,Saturday,True,Low (<₹500)
495,2024-05-11,Anita Joshi,Food & Dining,Restaurant Bill,1836.58,Wallet,N/A,May,5,2024,Q2,Saturday,True,Medium (₹500–2K)
390,2024-05-12,Anita Joshi,Shopping,Flipkart Order,4148.03,Credit Card,N/A,May,5,2024,Q2,Sunday,True,High (₹2K–5K)
272,2024-05-13,Sunita Patel,Shopping,Grocery Mart,2949.81,Debit Card,Reference #4871,May,5,2024,Q2,Monday,False,High (₹2K–5K)
271,2024-05-13,Rohan Das,Rent & Housing,Society Charges,5976.57,Net Banking,N/A,May,5,2024,Q2,Monday,False,Very High (>₹5K)
492,2024-05-14,Priya Sharma,Shopping,Flipkart Order,3123.21,UPI,N/A,May,5,2024,Q2,Tuesday,False,High (₹2K–5K)
149,2024-05-15,Arjun Mehta,Shopping,Grocery Mart,275.75,Credit Card,N/A,May,5,2024,Q2,Wednesday,False,Low (<₹500)
36,2024-05-15,Arjun Mehta,Health & Medical,Pharmacy,1011.13,UPI,N/A,May,5,2024,Q2,Wednesday,False,Medium (₹500–2K)
51,2024-05-15,Sunita Patel,Food & Dining,Zomato Order,2410.08,Cash,Reference #8119,May,5,2024,Q2,Wednesday,False,High (₹2K–5K)
364,2024-05-17,Rohan Das,Shopping,Electronics,2971.64,Debit Card,Reference #8405,May,5,2024,Q2,Friday,False,High (₹2K–5K)
396,2024-05-18,Arjun Mehta,Transportation,Metro Card Recharge,590.22,Cash,Reference #7108,May,5,2024,Q2,Saturday,True,Medium (₹500–2K)
258,2024-05-20,Rohan Das,Rent & Housing,Room Rent,7185.64,Net Banking,Reference #9899,May,5,2024,Q2,Monday,False,Very High (>₹5K)
286,2024-05-21,Arjun Mehta,Food & Dining,Home Cooked Supplies,930.78,Credit Card,Reference #2848,May,5,2024,Q2,Tuesday,False,Medium (₹500–2K)
90,2024-05-21,Arjun Mehta,Food & Dining,Swiggy Delivery,1872.65,Wallet,N/A,May,5,2024,Q2,Tuesday,False,Medium (₹500–2K)
454,2024-05-21,Anita Joshi,Health & Medical,Pharmacy,208.65,UPI,Reference #7581,May,5,2024,Q2,Tuesday,False,Low (<₹500)
42,2024-05-21,Priya Sharma,Food & Dining,Zomato Order,1116.58,Cash,N/A,May,5,2024,Q2,Tuesday,False,Medium (₹500–2K)
469,2024-05-21,Priya Sharma,Shopping,Clothing Store,1814.16,Debit Card,N/A,May,5,2024,Q2,Tuesday,False,Medium (₹500–2K)
379,2024-05-21,Rohan Das,Rent & Housing,House Maintenance,4677.96,UPI,N/A,May,5,2024,Q2,Tuesday,False,High (₹2K–5K)
73,2024-05-22,Sunita Patel,Transportation,Petrol Fill,709.73,UPI,N/A,May,5,2024,Q2,Wednesday,False,Medium (₹500–2K)
420,2024-05-23,Anita Joshi,Food & Dining,Cafe Coffee,2249.84,Cash,Reference #9674,May,5,2024,Q2,Thursday,False,High (₹2K–5K)
195,2024-05-24,Anita Joshi,Personal Care,Cosmetics,746.35,UPI,N/A,May,5,2024,Q2,Friday,False,Medium (₹500–2K)
168,2024-05-25,Anita Joshi,Food & Dining,Home Cooked Supplies,1131.79,Wallet,N/A,May,5,2024,Q2,Saturday,True,Medium (₹500–2K)
463,2024-05-25,Sunita Patel,Entertainment,Gaming,1408.82,Cash,Reference #1813,May,5,2024,Q2,Saturday,True,Medium (₹500–2K)
282,2024-05-26,Priya Sharma,Personal Care,Skincare Products,760.9,UPI,N/A,May,5,2024,Q2,Sunday,True,Medium (₹500–2K)
264,2024-05-26,Arjun Mehta,Entertainment,Netflix Subscription,645.77,Wallet,N/A,May,5,2024,Q2,Sunday,True,Medium (₹500–2K)
102,2024-05-27,Anita Joshi,Entertainment,Netflix Subscription,1181.49,UPI,N/A,May,5,2024,Q2,Monday,False,Medium (₹500–2K)
99,2024-05-27,Anita Joshi,Transportation,Petrol Fill,74.48,Wallet,Reference #8438,May,5,2024,Q2,Monday,False,Low (<₹500)
7,2024-05-28,Priya Sharma,Food & Dining,Restaurant Bill,646.96,Cash,Reference #2654,May,5,2024,Q2,Tuesday,False,Medium (₹500–2K)
170,2024-05-28,Arjun Mehta,Entertainment,Netflix Subscription,1551.91,Debit Card,N/A,May,5,2024,Q2,Tuesday,False,Medium (₹500–2K)
471,2024-05-31,Arjun Mehta,Entertainment,Gaming,1345.26,Debit Card,Reference #7628,May,5,2024,Q2,Friday,False,Medium (₹500–2K)
484,2024-06-01,Sunita Patel,Food & Dining,Cafe Coffee,2077.23,Debit Card,N/A,June,6,2024,Q2,Saturday,True,High (₹2K–5K)
285,2024-06-01,Arjun Mehta,Education,College Fee,3902.81,UPI,N/A,June,6,2024,Q2,Saturday,True,High (₹2K–5K)
257,2024-06-01,Arjun Mehta,Travel,Hotel Stay,2592.55,Credit Card,N/A,June,6,2024,Q2,Saturday,True,High (₹2K–5K)
293,2024-06-02,Sunita Patel,Entertainment,Movie Ticket,875.69,UPI,N/A,June,6,2024,Q2,Sunday,True,Medium (₹500–2K)
250,2024-06-02,Anita Joshi,Shopping,Amazon Purchase,3601.95,Debit Card,Reference #7035,June,6,2024,Q2,Sunday,True,High (₹2K–5K)
380,2024-06-03,Priya Sharma,Education,College Fee,3462.82,Credit Card,Reference #9348,June,6,2024,Q2,Monday,False,High (₹2K–5K)
141,2024-06-04,Priya Sharma,Food & Dining,Zomato Order,2371.03,UPI,Reference #2592,June,6,2024,Q2,Tuesday,False,High (₹2K–5K)
466,2024-06-05,Priya Sharma,Food & Dining,Home Cooked Supplies,1560.03,Wallet,N/A,June,6,2024,Q2,Wednesday,False,Medium (₹500–2K)
475,2024-06-06,Arjun Mehta,Transportation,Petrol Fill,608.16,UPI,Reference #7089,June,6,2024,Q2,Thursday,False,Medium (₹500–2K)
19,2024-06-06,Priya Sharma,Utilities,Mobile Recharge,1342.34,Net Banking,Reference #2290,June,6,2024,Q2,Thursday,False,Medium (₹500–2K)
163,2024-06-07,Sunita Patel,Food & Dining,Grocery Shopping,755.85,Debit Card,Reference #1100,June,6,2024,Q2,Friday,False,Medium (₹500–2K)
189,2024-06-07,Rohan Das,Shopping,Flipkart Order,287.51,Credit Card,N/A,June,6,2024,Q2,Friday,False,Low (<₹500)
483,2024-06-08,Arjun Mehta,Food & Dining,Zomato Order,2204.76,Credit Card,N/A,June,6,2024,Q2,Saturday,True,High (₹2K–5K)
405,2024-06-10,Arjun Mehta,Food & Dining,Home Cooked Supplies,726.38,UPI,Reference #6345,June,6,2024,Q2,Monday,False,Medium (₹500–2K)
11,2024-06-10,Priya Sharma,Food & Dining,Home Cooked Supplies,2362.98,Credit Card,Reference #9179,June,6,2024,Q2,Monday,False,High (₹2K–5K)
89,2024-06-10,Sunita Patel,Food & Dining,Food & Dining Expense,1831.08,Cash,N/A,June,6,2024,Q2,Monday,False,Medium (₹500–2K)
211,2024-06-10,Priya Sharma,Education,College Fee,4486.06,Debit Card,N/A,June,6,2024,Q2,Monday,False,High (₹2K–5K)
419,2024-06-13,Rohan Das,Transportation,Petrol Fill,474.24,UPI,Reference #3946,June,6,2024,Q2,Thursday,False,Low (<₹500)
231,2024-06-14,Anita Joshi,Food & Dining,Restaurant Bill,495.18,Wallet,N/A,June,6,2024,Q2,Friday,False,Low (<₹500)
173,2024-06-15,Rohan Das,Rent & Housing,Room Rent,7860.39,Net Banking,N/A,June,6,2024,Q2,Saturday,True,Very High (>₹5K)
188,2024-06-17,Priya Sharma,Rent & Housing,Room Rent,7520.15,Cash,N/A,June,6,2024,Q2,Monday,False,Very High (>₹5K)
107,2024-06-17,Sunita Patel,Health & Medical,Yoga Class,2587.43,UPI,Reference #9117,June,6,2024,Q2,Monday,False,High (₹2K–5K)
24,2024-06-18,Priya Sharma,Food & Dining,Swiggy Delivery,2273.01,Cash,Reference #4899,June,6,2024,Q2,Tuesday,False,High (₹2K–5K)
47,2024-06-19,Arjun Mehta,Utilities,DTH Recharge,232.22,UPI,Reference #5065,June,6,2024,Q2,Wednesday,False,Low (<₹500)
146,2024-06-19,Anita Joshi,Personal Care,Skincare Products,170.81,Credit Card,Reference #4362,June,6,2024,Q2,Wednesday,False,Low (<₹500)
269,2024-06-21,Sunita Patel,Entertainment,Concert Ticket,126.76,Debit Card,Reference #4164,June,6,2024,Q2,Friday,False,Low (<₹500)
70,2024-06-21,Sunita Patel,Transportation,Uber Ride,71.77,Wallet,N/A,June,6,2024,Q2,Friday,False,Low (<₹500)
115,2024-06-23,Sunita Patel,Entertainment,OTT Platform,1723.38,Net Banking,Reference #1042,June,6,2024,Q2,Sunday,True,Medium (₹500–2K)
453,2024-06-25,Priya Sharma,Education,Books & Stationery,4403.64,UPI,N/A,June,6,2024,Q2,Tuesday,False,High (₹2K–5K)
292,2024-06-25,Rohan Das,Shopping,Grocery Mart,425.04,UPI,N/A,June,6,2024,Q2,Tuesday,False,Low (<₹500)
176,2024-06-27,Priya Sharma,Shopping,Grocery Mart,1130.74,Credit Card,Reference #3419,June,6,2024,Q2,Thursday,False,Medium (₹500–2K)
433,2024-06-28,Sunita Patel,Food & Dining,Zomato Order,1763.62,Debit Card,Reference #1020,June,6,2024,Q2,Friday,False,Medium (₹500–2K)
160,2024-06-29,Priya Sharma,Travel,Taxi for Trip,5003.08,Cash,Reference #9313,June,6,2024,Q2,Saturday,True,Very High (>₹5K)
217,2024-06-29,Sunita Patel,Transportation,Auto Rickshaw,595.11,Net Banking,N/A,June,6,2024,Q2,Saturday,True,Medium (₹500–2K)
409,2024-07-01,Sunita Patel,Food & Dining,Swiggy Delivery,1806.78,UPI,N/A,July,7,2024,Q3,Monday,False,Medium (₹500–2K)
5,2024-07-02,Sunita Patel,Food & Dining,Swiggy Delivery,1011.83,Debit Card,N/A,July,7,2024,Q3,Tuesday,False,Medium (₹500–2K)
91,2024-07-03,Priya Sharma,Education,Books & Stationery,1833.11,Credit Card,N/A,July,7,2024,Q3,Wednesday,False,Medium (₹500–2K)
300,2024-07-03,Anita Joshi,Health & Medical,Medicine,994.42,Net Banking,Reference #8635,July,7,2024,Q3,Wednesday,False,Medium (₹500–2K)
323,2024-07-03,Priya Sharma,Food & Dining,Zomato Order,839.84,Debit Card,Reference #3170,July,7,2024,Q3,Wednesday,False,Medium (₹500–2K)
144,2024-07-04,Arjun Mehta,Transportation,Uber Ride,762.92,Cash,N/A,July,7,2024,Q3,Thursday,False,Medium (₹500–2K)
184,2024-07-05,Rohan Das,Shopping,Clothing Store,3127.07,Credit Card,N/A,July,7,2024,Q3,Friday,False,High (₹2K–5K)
218,2024-07-05,Priya Sharma,Food & Dining,Home Cooked Supplies,1630.03,Net Banking,N/A,July,7,2024,Q3,Friday,False,Medium (₹500–2K)
427,2024-07-05,Arjun Mehta,Entertainment,OTT Platform,1708.31,Cash,N/A,July,7,2024,Q3,Friday,False,Medium (₹500–2K)
244,2024-07-06,Sunita Patel,Entertainment,Gaming,1551.33,Cash,N/A,July,7,2024,Q3,Saturday,True,Medium (₹500–2K)
8,2024-07-08,Rohan Das,Health & Medical,Pharmacy,1158.01,Debit Card,N/A,July,7,2024,Q3,Monday,False,Medium (₹500–2K)
158,2024-07-09,Priya Sharma,Food & Dining,Swiggy Delivery,331.75,Credit Card,N/A,July,7,2024,Q3,Tuesday,False,Low (<₹500)
139,2024-07-09,Sunita Patel,Shopping,Flipkart Order,4147.6,Credit Card,Reference #8724,July,7,2024,Q3,Tuesday,False,High (₹2K–5K)
468,2024-07-10,Priya Sharma,Shopping,Meesho Order,3379.31,Debit Card,Reference #5631,July,7,2024,Q3,Wednesday,False,High (₹2K–5K)
307,2024-07-10,Arjun Mehta,Food & Dining,Swiggy Delivery,1313.76,Cash,N/A,July,7,2024,Q3,Wednesday,False,Medium (₹500–2K)
199,2024-07-10,Priya Sharma,Transportation,Auto Rickshaw,347.34,Credit Card,Reference #2337,July,7,2024,Q3,Wednesday,False,Low (<₹500)
207,2024-07-10,Rohan Das,Food & Dining,Home Cooked Supplies,1028.52,Debit Card,Reference #1266,July,7,2024,Q3,Wednesday,False,Medium (₹500–2K)
117,2024-07-12,Sunita Patel,Transportation,Petrol Fill,622.15,UPI,N/A,July,7,2024,Q3,Friday,False,Medium (₹500–2K)
6,2024-07-12,Rohan Das,Shopping,Clothing Store,4870.96,Credit Card,N/A,July,7,2024,Q3,Friday,False,High (₹2K–5K)
477,2024-07-14,Arjun Mehta,Shopping,Electronics,4363.99,Debit Card,N/A,July,7,2024,Q3,Sunday,True,High (₹2K–5K)
417,2024-07-15,Anita Joshi,Transportation,Auto Rickshaw,115.79,Credit Card,N/A,July,7,2024,Q3,Monday,False,Low (<₹500)
325,2024-07-16,Priya Sharma,Shopping,Electronics,3965.31,Credit Card,N/A,July,7,2024,Q3,Tuesday,False,High (₹2K–5K)
499,2024-07-16,Rohan Das,Travel,Holiday Package,2538.75,Wallet,N/A,July,7,2024,Q3,Tuesday,False,High (₹2K–5K)
245,2024-07-16,Arjun Mehta,Transportation,Auto Rickshaw,266.45,Net Banking,N/A,July,7,2024,Q3,Tuesday,False,Low (<₹500)
332,2024-07-20,Arjun Mehta,Rent & Housing,Room Rent,6363.6,Net Banking,N/A,July,7,2024,Q3,Saturday,True,Very High (>₹5K)
131,2024-07-21,Sunita Patel,Food & Dining,Zomato Order,2092.09,Debit Card,N/A,July,7,2024,Q3,Sunday,True,High (₹2K–5K)
331,2024-07-22,Arjun Mehta,Transportation,Petrol Fill,183.23,Debit Card,N/A,July,7,2024,Q3,Monday,False,Low (<₹500)
266,2024-07-22,Arjun Mehta,Travel,Flight Booking,772.55,UPI,N/A,July,7,2024,Q3,Monday,False,Medium (₹500–2K)
238,2024-07-23,Sunita Patel,Entertainment,OTT Platform,1735.48,Credit Card,N/A,July,7,2024,Q3,Tuesday,False,Medium (₹500–2K)
156,2024-07-23,Arjun Mehta,Transportation,Uber Ride,670.56,UPI,Reference #2557,July,7,2024,Q3,Tuesday,False,Medium (₹500–2K)
49,2024-07-23,Arjun Mehta,Food & Dining,Grocery Shopping,1684.08,Debit Card,N/A,July,7,2024,Q3,Tuesday,False,Medium (₹500–2K)
152,2024-07-24,Priya Sharma,Food & Dining,Home Cooked Supplies,1249.56,UPI,N/A,July,7,2024,Q3,Wednesday,False,Medium (₹500–2K)
385,2024-07-24,Anita Joshi,Entertainment,Book Purchase,904.79,Cash,N/A,July,7,2024,Q3,Wednesday,False,Medium (₹500–2K)
486,2024-07-25,Arjun Mehta,Travel,Flight Booking,7386.54,Cash,N/A,July,7,2024,Q3,Thursday,False,Very High (>₹5K)
459,2024-07-25,Arjun Mehta,Food & Dining,Swiggy Delivery,1802.97,Credit Card,Reference #1474,July,7,2024,Q3,Thursday,False,Medium (₹500–2K)
410,2024-07-26,Sunita Patel,Education,College Fee,1282.4,UPI,Reference #5093,July,7,2024,Q3,Friday,False,Medium (₹500–2K)
324,2024-07-27,Rohan Das,Transportation,Ola Cab,466.06,Cash,Reference #2468,July,7,2024,Q3,Saturday,True,Low (<₹500)
67,2024-07-27,Arjun Mehta,Entertainment,Concert Ticket,222.03,Debit Card,N/A,July,7,2024,Q3,Saturday,True,Low (<₹500)
46,2024-07-27,Sunita Patel,Education,Udemy Purchase,4478.61,Net Banking,N/A,July,7,2024,Q3,Saturday,True,High (₹2K–5K)
334,2024-07-28,Sunita Patel,Education,Coaching Fee,811.21,Wallet,N/A,July,7,2024,Q3,Sunday,True,Medium (₹500–2K)
478,2024-07-28,Arjun Mehta,Food & Dining,Cafe Coffee,580.71,Net Banking,Reference #3346,July,7,2024,Q3,Sunday,True,Medium (₹500–2K)
118,2024-07-29,Arjun Mehta,Shopping,Grocery Mart,1321.1,Credit Card,N/A,July,7,2024,Q3,Monday,False,Medium (₹500–2K)
159,2024-07-29,Anita Joshi,Shopping,Grocery Mart,3416.06,Credit Card,N/A,July,7,2024,Q3,Monday,False,High (₹2K–5K)
434,2024-07-30,Rohan Das,Entertainment,Gaming,1941.29,UPI,N/A,July,7,2024,Q3,Tuesday,False,Medium (₹500–2K)
205,2024-08-01,Priya Sharma,Health & Medical,Yoga Class,797.64,Credit Card,N/A,August,8,2024,Q3,Thursday,False,Medium (₹500–2K)
457,2024-08-01,Rohan Das,Entertainment,Entertainment Expense,709.65,Net Banking,Reference #2462,August,8,2024,Q3,Thursday,False,Medium (₹500–2K)
491,2024-08-02,Sunita Patel,Health & Medical,Gym Membership,2132.11,Cash,Reference #2928,August,8,2024,Q3,Friday,False,High (₹2K–5K)
69,2024-08-02,Sunita Patel,Rent & Housing,Room Rent,7679.84,UPI,N/A,August,8,2024,Q3,Friday,False,Very High (>₹5K)
4,2024-08-04,Priya Sharma,Entertainment,OTT Platform,403.35,Debit Card,Reference #3547,August,8,2024,Q3,Sunday,True,Low (<₹500)
374,2024-08-04,Sunita Patel,Education,Udemy Purchase,4946.7,Wallet,Reference #8826,August,8,2024,Q3,Sunday,True,High (₹2K–5K)
335,2024-08-04,Arjun Mehta,Rent & Housing,Monthly Rent,4849.72,UPI,N/A,August,8,2024,Q3,Sunday,True,High (₹2K–5K)
129,2024-08-05,Sunita Patel,Personal Care,Haircut,518.82,Wallet,N/A,August,8,2024,Q3,Monday,False,Medium (₹500–2K)
415,2024-08-06,Rohan Das,Shopping,Flipkart Order,2037.1,Credit Card,Reference #4066,August,8,2024,Q3,Tuesday,False,High (₹2K–5K)
391,2024-08-07,Priya Sharma,Entertainment,Concert Ticket,155.78,Debit Card,Reference #2046,August,8,2024,Q3,Wednesday,False,Low (<₹500)
372,2024-08-07,Sunita Patel,Entertainment,Netflix Subscription,1534.94,Wallet,Reference #2559,August,8,2024,Q3,Wednesday,False,Medium (₹500–2K)
346,2024-08-07,Anita Joshi,Utilities,Mobile Recharge,784.45,Net Banking,Reference #4371,August,8,2024,Q3,Wednesday,False,Medium (₹500–2K)
26,2024-08-08,Rohan Das,Food & Dining,Cafe Coffee,332.63,Debit Card,N/A,August,8,2024,Q3,Thursday,False,Low (<₹500)
438,2024-08-10,Rohan Das,Travel,Train Ticket,1737.48,Credit Card,Reference #2659,August,8,2024,Q3,Saturday,True,Medium (₹500–2K)
388,2024-08-10,Arjun Mehta,Food & Dining,Cafe Coffee,306.91,Cash,Reference #1901,August,8,2024,Q3,Saturday,True,Low (<₹500)
198,2024-08-11,Sunita Patel,Transportation,Bus Pass,435.01,Cash,N/A,August,8,2024,Q3,Sunday,True,Low (<₹500)
22,2024-08-12,Rohan Das,Personal Care,Spa,1009.83,Net Banking,Reference #2982,August,8,2024,Q3,Monday,False,Medium (₹500–2K)
219,2024-08-12,Arjun Mehta,Education,Udemy Purchase,3551.4,Cash,Reference #2101,August,8,2024,Q3,Monday,False,High (₹2K–5K)
93,2024-08-13,Priya Sharma,Shopping,Amazon Purchase,2453.11,Credit Card,N/A,August,8,2024,Q3,Tuesday,False,High (₹2K–5K)
120,2024-08-13,Anita Joshi,Transportation,Metro Card Recharge,125.27,Cash,Reference #8486,August,8,2024,Q3,Tuesday,False,Low (<₹500)
57,2024-08-14,Anita Joshi,Health & Medical,Yoga Class,1034.52,UPI,N/A,August,8,2024,Q3,Wednesday,False,Medium (₹500–2K)
179,2024-08-14,Sunita Patel,Food & Dining,Grocery Shopping,263.89,Wallet,N/A,August,8,2024,Q3,Wednesday,False,Low (<₹500)
63,2024-08-14,Anita Joshi,Shopping,Grocery Mart,4760.19,Debit Card,N/A,August,8,2024,Q3,Wednesday,False,High (₹2K–5K)
193,2024-08-15,Sunita Patel,Health & Medical,Lab Test,788.84,Net Banking,Reference #8355,August,8,2024,Q3,Thursday,False,Medium (₹500–2K)
489,2024-08-15,Priya Sharma,Food & Dining,Zomato Order,377.9,UPI,Reference #9966,August,8,2024,Q3,Thursday,False,Low (<₹500)
216,2024-08-16,Priya Sharma,Rent & Housing,Society Charges,6547.68,UPI,N/A,August,8,2024,Q3,Friday,False,Very High (>₹5K)
276,2024-08-16,Anita Joshi,Utilities,Internet Bill,3043.06,UPI,N/A,August,8,2024,Q3,Friday,False,High (₹2K–5K)
223,2024-08-16,Priya Sharma,Rent & Housing,Room Rent,6123.48,Net Banking,N/A,August,8,2024,Q3,Friday,False,Very High (>₹5K)
28,2024-08-17,Priya Sharma,Food & Dining,Cafe Coffee,556.5,Credit Card,Reference #4006,August,8,2024,Q3,Saturday,True,Medium (₹500–2K)
283,2024-08-17,Rohan Das,Transportation,Auto Rickshaw,718.5,UPI,N/A,August,8,2024,Q3,Saturday,True,Medium (₹500–2K)
448,2024-08-17,Anita Joshi,Food & Dining,Restaurant Bill,2378.21,Credit Card,N/A,August,8,2024,Q3,Saturday,True,High (₹2K–5K)
96,2024-08-18,Anita Joshi,Food & Dining,Grocery Shopping,1354.17,UPI,Reference #8025,August,8,2024,Q3,Sunday,True,Medium (₹500–2K)
83,2024-08-18,Arjun Mehta,Education,Coaching Fee,889.98,Credit Card,Reference #7209,August,8,2024,Q3,Sunday,True,Medium (₹500–2K)
239,2024-08-18,Sunita Patel,Food & Dining,Restaurant Bill,394.05,Credit Card,Reference #2586,August,8,2024,Q3,Sunday,True,Low (<₹500)
180,2024-08-19,Sunita Patel,Shopping,Clothing Store,1689.96,Credit Card,Reference #5703,August,8,2024,Q3,Monday,False,Medium (₹500–2K)
108,2024-08-20,Rohan Das,Education,Books & Stationery,2975.43,Cash,Reference #5135,August,8,2024,Q3,Tuesday,False,High (₹2K–5K)
16,2024-08-20,Sunita Patel,Food & Dining,Home Cooked Supplies,1143.44,Cash,N/A,August,8,2024,Q3,Tuesday,False,Medium (₹500–2K)
460,2024-08-21,Arjun Mehta,Education,Books & Stationery,1622.71,Cash,Reference #4262,August,8,2024,Q3,Wednesday,False,Medium (₹500–2K)
60,2024-08-21,Rohan Das,Health & Medical,Yoga Class,2328.62,UPI,N/A,August,8,2024,Q3,Wednesday,False,High (₹2K–5K)
349,2024-08-22,Anita Joshi,Food & Dining,Restaurant Bill,944.76,Net Banking,N/A,August,8,2024,Q3,Thursday,False,Medium (₹500–2K)
356,2024-08-22,Arjun Mehta,Shopping,Electronics,1007.4,Debit Card,Reference #9369,August,8,2024,Q3,Thursday,False,Medium (₹500–2K)
181,2024-08-24,Priya Sharma,Health & Medical,Gym Membership,1570.5,Net Banking,N/A,August,8,2024,Q3,Saturday,True,Medium (₹500–2K)
237,2024-08-25,Priya Sharma,Food & Dining,Grocery Shopping,1097.49,Credit Card,Reference #3353,August,8,2024,Q3,Sunday,True,Medium (₹500–2K)
340,2024-08-25,Anita Joshi,Food & Dining,Swiggy Delivery,997.89,Wallet,Reference #9199,August,8,2024,Q3,Sunday,True,Medium (₹500–2K)
128,2024-08-26,Rohan Das,Rent & Housing,Room Rent,3112.77,Cash,Reference #3588,August,8,2024,Q3,Monday,False,High (₹2K–5K)
227,2024-08-27,Priya Sharma,Transportation,Bus Pass,479.21,Net Banking,Reference #2412,August,8,2024,Q3,Tuesday,False,Low (<₹500)
48,2024-08-28,Priya Sharma,Transportation,Bus Pass,79.04,Credit Card,Reference #8541,August,8,2024,Q3,Wednesday,False,Low (<₹500)
243,2024-08-28,Anita Joshi,Utilities,Electricity Bill,1050.54,Net Banking,N/A,August,8,2024,Q3,Wednesday,False,Medium (₹500–2K)
275,2024-08-29,Anita Joshi,Transportation,Uber Ride,576.46,Net Banking,N/A,August,8,2024,Q3,Thursday,False,Medium (₹500–2K)
455,2024-08-31,Sunita Patel,Entertainment,OTT Platform,193.65,Debit Card,Reference #1331,August,8,2024,Q3,Saturday,True,Low (<₹500)
64,2024-08-31,Anita Joshi,Transportation,Petrol Fill,169.37,UPI,N/A,August,8,2024,Q3,Saturday,True,Low (<₹500)
182,2024-08-31,Anita Joshi,Health & Medical,Health & Medical Expense,1032.43,Net Banking,N/A,August,8,2024,Q3,Saturday,True,Medium (₹500–2K)
481,2024-09-01,Rohan Das,Health & Medical,Doctor Consultation,1269.84,UPI,N/A,September,9,2024,Q3,Sunday,True,Medium (₹500–2K)
136,2024-09-03,Sunita Patel,Education,Books & Stationery,1656.37,Debit Card,N/A,September,9,2024,Q3,Tuesday,False,Medium (₹500–2K)
82,2024-09-04,Sunita Patel,Health & Medical,Medicine,2766.89,UPI,Reference #5397,September,9,2024,Q3,Wednesday,False,High (₹2K–5K)
342,2024-09-04,Sunita Patel,Transportation,Auto Rickshaw,205.15,Debit Card,N/A,September,9,2024,Q3,Wednesday,False,Low (<₹500)
458,2024-09-05,Arjun Mehta,Utilities,Internet Bill,729.32,UPI,N/A,September,9,2024,Q3,Thursday,False,Medium (₹500–2K)
368,2024-09-05,Sunita Patel,Shopping,Grocery Mart,826.85,UPI,Reference #1793,September,9,2024,Q3,Thursday,False,Medium (₹500–2K)
143,2024-09-07,Arjun Mehta,Utilities,Internet Bill,1051.4,UPI,N/A,September,9,2024,Q3,Saturday,True,Medium (₹500–2K)
304,2024-09-08,Rohan Das,Travel,Flight Booking,5312.71,UPI,Reference #6770,September,9,2024,Q3,Sunday,True,Very High (>₹5K)
94,2024-09-08,Rohan Das,Food & Dining,Swiggy Delivery,256.82,Cash,Reference #1878,September,9,2024,Q3,Sunday,True,Low (<₹500)
106,2024-09-08,Arjun Mehta,Personal Care,Spa,710.24,Cash,N/A,September,9,2024,Q3,Sunday,True,Medium (₹500–2K)
440,2024-09-08,Priya Sharma,Food & Dining,Zomato Order,1472.25,Credit Card,Reference #6911,September,9,2024,Q3,Sunday,True,Medium (₹500–2K)
399,2024-09-09,Arjun Mehta,Transportation,Uber Ride,493.77,Credit Card,N/A,September,9,2024,Q3,Monday,False,Low (<₹500)
103,2024-09-09,Rohan Das,Travel,Train Ticket,4253.54,UPI,N/A,September,9,2024,Q3,Monday,False,High (₹2K–5K)
424,2024-09-09,Anita Joshi,Food & Dining,Grocery Shopping,2376.08,Net Banking,N/A,September,9,2024,Q3,Monday,False,High (₹2K–5K)
354,2024-09-10,Rohan Das,Travel,Holiday Package,4290.79,UPI,N/A,September,9,2024,Q3,Tuesday,False,High (₹2K–5K)
110,2024-09-12,Arjun Mehta,Shopping,Amazon Purchase,3188.64,Debit Card,Reference #4335,September,9,2024,Q3,Thursday,False,High (₹2K–5K)
241,2024-09-12,Arjun Mehta,Shopping,Electronics,2670.68,UPI,Reference #1379,September,9,2024,Q3,Thursday,False,High (₹2K–5K)
254,2024-09-13,Arjun Mehta,Transportation,Auto Rickshaw,202.92,Net Banking,N/A,September,9,2024,Q3,Friday,False,Low (<₹500)
487,2024-09-15,Arjun Mehta,Food & Dining,Zomato Order,152.59,Credit Card,N/A,September,9,2024,Q3,Sunday,True,Low (<₹500)
277,2024-09-15,Priya Sharma,Food & Dining,Swiggy Delivery,1414.36,Credit Card,Reference #9792,September,9,2024,Q3,Sunday,True,Medium (₹500–2K)
206,2024-09-16,Sunita Patel,Food & Dining,Food & Dining Expense,1362.54,Net Banking,Reference #1333,September,9,2024,Q3,Monday,False,Medium (₹500–2K)
473,2024-09-16,Rohan Das,Utilities,Mobile Recharge,1073.43,Net Banking,Reference #3967,September,9,2024,Q3,Monday,False,Medium (₹500–2K)
247,2024-09-17,Sunita Patel,Entertainment,Concert Ticket,478.21,UPI,Reference #1659,September,9,2024,Q3,Tuesday,False,Low (<₹500)
113,2024-09-17,Arjun Mehta,Shopping,Electronics,3639.7,UPI,N/A,September,9,2024,Q3,Tuesday,False,High (₹2K–5K)
386,2024-09-18,Arjun Mehta,Rent & Housing,House Maintenance,6718.88,Cash,Reference #9788,September,9,2024,Q3,Wednesday,False,Very High (>₹5K)
392,2024-09-18,Anita Joshi,Health & Medical,Health & Medical Expense,1538.83,Debit Card,N/A,September,9,2024,Q3,Wednesday,False,Medium (₹500–2K)
150,2024-09-19,Priya Sharma,Transportation,Ola Cab,633.51,Net Banking,N/A,September,9,2024,Q3,Thursday,False,Medium (₹500–2K)
204,2024-09-20,Rohan Das,Shopping,Grocery Mart,278.89,Debit Card,Reference #3352,September,9,2024,Q3,Friday,False,Low (<₹500)
344,2024-09-21,Arjun Mehta,Utilities,Mobile Recharge,1162.64,Net Banking,N/A,September,9,2024,Q3,Saturday,True,Medium (₹500–2K)
197,2024-09-21,Anita Joshi,Travel,Hotel Stay,5835.51,Cash,N/A,September,9,2024,Q3,Saturday,True,Very High (>₹5K)
373,2024-09-22,Rohan Das,Food & Dining,Cafe Coffee,1524.83,Wallet,Reference #1152,September,9,2024,Q3,Sunday,True,Medium (₹500–2K)
248,2024-09-22,Arjun Mehta,Entertainment,Movie Ticket,1627.54,UPI,Reference #9446,September,9,2024,Q3,Sunday,True,Medium (₹500–2K)
228,2024-09-26,Rohan Das,Personal Care,Spa,1106.42,UPI,Reference #2208,September,9,2024,Q3,Thursday,False,Medium (₹500–2K)
310,2024-09-26,Anita Joshi,Food & Dining,Grocery Shopping,560.64,Debit Card,N/A,September,9,2024,Q3,Thursday,False,Medium (₹500–2K)
482,2024-09-28,Sunita Patel,Travel,Train Ticket,7190.05,Credit Card,N/A,September,9,2024,Q3,Saturday,True,Very High (>₹5K)
33,2024-09-28,Anita Joshi,Transportation,Transportation Expense,739.54,Credit Card,Reference #9320,September,9,2024,Q3,Saturday,True,Medium (₹500–2K)
18,2024-09-28,Arjun Mehta,Transportation,Metro Card Recharge,171.16,Cash,N/A,September,9,2024,Q3,Saturday,True,Low (<₹500)
20,2024-09-29,Rohan Das,Education,Udemy Purchase,4900.93,Credit Card,N/A,September,9,2024,Q3,Sunday,True,High (₹2K–5K)
71,2024-09-30,Rohan Das,Utilities,Utilities Expense,1474.94,Net Banking,Reference #1444,September,9,2024,Q3,Monday,False,Medium (₹500–2K)
488,2024-09-30,Priya Sharma,Transportation,Ola Cab,530.24,Net Banking,N/A,September,9,2024,Q3,Monday,False,Medium (₹500–2K)
446,2024-10-01,Rohan Das,Education,Coaching Fee,2383.84,Wallet,N/A,October,10,2024,Q4,Tuesday,False,High (₹2K–5K)
407,2024-10-01,Rohan Das,Transportation,Transportation Expense,354.88,Debit Card,Reference #8404,October,10,2024,Q4,Tuesday,False,Low (<₹500)
347,2024-10-01,Priya Sharma,Shopping,Clothing Store,4037.61,Credit Card,N/A,October,10,2024,Q4,Tuesday,False,High (₹2K–5K)
53,2024-10-02,Rohan Das,Food & Dining,Home Cooked Supplies,2321.38,Wallet,Reference #4228,October,10,2024,Q4,Wednesday,False,High (₹2K–5K)
439,2024-10-03,Arjun Mehta,Transportation,Uber Ride,465.58,Debit Card,Reference #5612,October,10,2024,Q4,Thursday,False,Low (<₹500)
66,2024-10-03,Sunita Patel,Food & Dining,Restaurant Bill,906.03,Cash,Reference #3471,October,10,2024,Q4,Thursday,False,Medium (₹500–2K)
32,2024-10-04,Sunita Patel,Food & Dining,Home Cooked Supplies,240.36,Cash,Reference #6138,October,10,2024,Q4,Friday,False,Low (<₹500)
305,2024-10-04,Anita Joshi,Shopping,Amazon Purchase,4601.12,UPI,Reference #9584,October,10,2024,Q4,Friday,False,High (₹2K–5K)
445,2024-10-04,Priya Sharma,Food & Dining,Swiggy Delivery,925.1,UPI,N/A,October,10,2024,Q4,Friday,False,Medium (₹500–2K)
418,2024-10-05,Anita Joshi,Food & Dining,Cafe Coffee,2485.81,Cash,N/A,October,10,2024,Q4,Saturday,True,High (₹2K–5K)
256,2024-10-06,Arjun Mehta,Transportation,Uber Ride,449.85,Debit Card,N/A,October,10,2024,Q4,Sunday,True,Low (<₹500)
56,2024-10-07,Arjun Mehta,Health & Medical,Health & Medical Expense,972.75,Cash,Reference #5700,October,10,2024,Q4,Monday,False,Medium (₹500–2K)
29,2024-10-08,Arjun Mehta,Utilities,Gas Bill,298.0,Net Banking,N/A,October,10,2024,Q4,Tuesday,False,Low (<₹500)
88,2024-10-08,Anita Joshi,Transportation,Petrol Fill,797.47,Debit Card,Reference #8434,October,10,2024,Q4,Tuesday,False,Medium (₹500–2K)
225,2024-10-08,Sunita Patel,Health & Medical,Lab Test,2157.67,Net Banking,N/A,October,10,2024,Q4,Tuesday,False,High (₹2K–5K)
302,2024-10-10,Arjun Mehta,Entertainment,Concert Ticket,130.82,Net Banking,Reference #7841,October,10,2024,Q4,Thursday,False,Low (<₹500)
15,2024-10-10,Anita Joshi,Personal Care,Personal Care Expense,840.76,Cash,N/A,October,10,2024,Q4,Thursday,False,Medium (₹500–2K)
161,2024-10-11,Rohan Das,Food & Dining,Zomato Order,359.72,Debit Card,N/A,October,10,2024,Q4,Friday,False,Low (<₹500)
474,2024-10-13,Rohan Das,Food & Dining,Home Cooked Supplies,720.76,Credit Card,N/A,October,10,2024,Q4,Sunday,True,Medium (₹500–2K)
12,2024-10-14,Rohan Das,Food & Dining,Grocery Shopping,435.11,Net Banking,N/A,October,10,2024,Q4,Monday,False,Low (<₹500)
317,2024-10-15,Rohan Das,Utilities,DTH Recharge,589.06,Net Banking,Reference #9856,October,10,2024,Q4,Tuesday,False,Medium (₹500–2K)
234,2024-10-15,Anita Joshi,Entertainment,Netflix Subscription,1249.76,Cash,Reference #2330,October,10,2024,Q4,Tuesday,False,Medium (₹500–2K)
37,2024-10-15,Priya Sharma,Food & Dining,Zomato Order,1590.78,Cash,Reference #9808,October,10,2024,Q4,Tuesday,False,Medium (₹500–2K)
79,2024-10-16,Anita Joshi,Education,Books & Stationery,4083.02,Cash,N/A,October,10,2024,Q4,Wednesday,False,High (₹2K–5K)
311,2024-10-16,Priya Sharma,Transportation,Uber Ride,354.52,Credit Card,Reference #4700,October,10,2024,Q4,Wednesday,False,Low (<₹500)
235,2024-10-19,Anita Joshi,Rent & Housing,Monthly Rent,5529.7,Net Banking,N/A,October,10,2024,Q4,Saturday,True,Very High (>₹5K)
25,2024-10-19,Rohan Das,Food & Dining,Cafe Coffee,417.55,Net Banking,N/A,October,10,2024,Q4,Saturday,True,Low (<₹500)
326,2024-10-19,Anita Joshi,Utilities,Utilities Expense,1471.62,UPI,Reference #3777,October,10,2024,Q4,Saturday,True,Medium (₹500–2K)
494,2024-10-20,Priya Sharma,Health & Medical,Medicine,2729.95,Wallet,N/A,October,10,2024,Q4,Sunday,True,High (₹2K–5K)
422,2024-10-21,Priya Sharma,Entertainment,Entertainment Expense,1900.82,UPI,Reference #3846,October,10,2024,Q4,Monday,False,Medium (₹500–2K)
480,2024-10-22,Sunita Patel,Food & Dining,Cafe Coffee,1956.5,Credit Card,Reference #2442,October,10,2024,Q4,Tuesday,False,Medium (₹500–2K)
435,2024-10-22,Priya Sharma,Education,Udemy Purchase,4049.28,Wallet,N/A,October,10,2024,Q4,Tuesday,False,High (₹2K–5K)
178,2024-10-23,Rohan Das,Transportation,Uber Ride,472.8,UPI,N/A,October,10,2024,Q4,Wednesday,False,Low (<₹500)
134,2024-10-23,Priya Sharma,Rent & Housing,House Maintenance,8289.88,Net Banking,N/A,October,10,2024,Q4,Wednesday,False,Very High (>₹5K)
35,2024-10-25,Priya Sharma,Health & Medical,Gym Membership,1315.75,Net Banking,N/A,October,10,2024,Q4,Friday,False,Medium (₹500–2K)
127,2024-10-25,Rohan Das,Health & Medical,Pharmacy,798.41,Credit Card,N/A,October,10,2024,Q4,Friday,False,Medium (₹500–2K)
44,2024-10-25,Arjun Mehta,Shopping,Electronics,4206.06,Debit Card,Reference #3088,October,10,2024,Q4,Friday,False,High (₹2K–5K)
252,2024-10-25,Anita Joshi,Shopping,Meesho Order,3662.72,Debit Card,Reference #7229,October,10,2024,Q4,Friday,False,High (₹2K–5K)
68,2024-10-26,Arjun Mehta,Education,Online Course,2252.65,Wallet,N/A,October,10,2024,Q4,Saturday,True,High (₹2K–5K)
462,2024-10-27,Rohan Das,Food & Dining,Grocery Shopping,2189.15,Net Banking,Reference #6640,October,10,2024,Q4,Sunday,True,High (₹2K–5K)
297,2024-10-27,Anita Joshi,Food & Dining,Home Cooked Supplies,274.68,Wallet,N/A,October,10,2024,Q4,Sunday,True,Low (<₹500)
452,2024-10-28,Priya Sharma,Transportation,Ola Cab,161.15,Net Banking,N/A,October,10,2024,Q4,Monday,False,Low (<₹500)
330,2024-10-31,Rohan Das,Education,Books & Stationery,4367.79,Credit Card,N/A,October,10,2024,Q4,Thursday,False,High (₹2K–5K)
154,2024-11-01,Anita Joshi,Shopping,Electronics,1760.89,Debit Card,N/A,November,11,2024,Q4,Friday,False,Medium (₹500–2K)
169,2024-11-02,Sunita Patel,Food & Dining,Zomato Order,1048.63,Cash,Reference #4349,November,11,2024,Q4,Saturday,True,Medium (₹500–2K)
215,2024-11-04,Priya Sharma,Entertainment,Concert Ticket,249.96,Credit Card,Reference #5813,November,11,2024,Q4,Monday,False,Low (<₹500)
167,2024-11-06,Sunita Patel,Transportation,Auto Rickshaw,368.01,UPI,Reference #5475,November,11,2024,Q4,Wednesday,False,Low (<₹500)
153,2024-11-07,Rohan Das,Food & Dining,Zomato Order,293.9,Credit Card,Reference #3067,November,11,2024,Q4,Thursday,False,Low (<₹500)
429,2024-11-10,Arjun Mehta,Entertainment,Movie Ticket,1167.76,Debit Card,Reference #3872,November,11,2024,Q4,Sunday,True,Medium (₹500–2K)
319,2024-11-10,Arjun Mehta,Education,Coaching Fee,2032.67,Net Banking,Reference #6347,November,11,2024,Q4,Sunday,True,High (₹2K–5K)
249,2024-11-11,Anita Joshi,Rent & Housing,Water Bill,7715.46,UPI,N/A,November,11,2024,Q4,Monday,False,Very High (>₹5K)
321,2024-11-12,Anita Joshi,Health & Medical,Pharmacy,348.51,Debit Card,Reference #2204,November,11,2024,Q4,Tuesday,False,Low (<₹500)
416,2024-11-13,Rohan Das,Utilities,Internet Bill,245.04,UPI,N/A,November,11,2024,Q4,Wednesday,False,Low (<₹500)
162,2024-11-14,Rohan Das,Education,College Fee,4885.46,Net Banking,N/A,November,11,2024,Q4,Thursday,False,High (₹2K–5K)
192,2024-11-15,Arjun Mehta,Food & Dining,Home Cooked Supplies,2095.23,Credit Card,Reference #8170,November,11,2024,Q4,Friday,False,High (₹2K–5K)
54,2024-11-15,Priya Sharma,Travel,Train Ticket,7405.78,Debit Card,N/A,November,11,2024,Q4,Friday,False,Very High (>₹5K)
100,2024-11-16,Arjun Mehta,Utilities,Mobile Recharge,1224.18,UPI,Reference #7965,November,11,2024,Q4,Saturday,True,Medium (₹500–2K)
65,2024-11-16,Sunita Patel,Entertainment,OTT Platform,1090.47,Credit Card,Reference #8206,November,11,2024,Q4,Saturday,True,Medium (₹500–2K)
328,2024-11-16,Priya Sharma,Transportation,Metro Card Recharge,758.17,UPI,N/A,November,11,2024,Q4,Saturday,True,Medium (₹500–2K)
17,2024-11-16,Arjun Mehta,Shopping,Grocery Mart,710.77,Credit Card,N/A,November,11,2024,Q4,Saturday,True,Medium (₹500–2K)
377,2024-11-17,Arjun Mehta,Transportation,Bus Pass,591.82,Wallet,N/A,November,11,2024,Q4,Sunday,True,Medium (₹500–2K)
208,2024-11-17,Priya Sharma,Transportation,Metro Card Recharge,599.71,Cash,Reference #6447,November,11,2024,Q4,Sunday,True,Medium (₹500–2K)
78,2024-11-17,Arjun Mehta,Food & Dining,Zomato Order,1757.47,Credit Card,N/A,November,11,2024,Q4,Sunday,True,Medium (₹500–2K)
479,2024-11-19,Arjun Mehta,Entertainment,OTT Platform,1026.4,Credit Card,Reference #1950,November,11,2024,Q4,Tuesday,False,Medium (₹500–2K)
185,2024-11-19,Sunita Patel,Health & Medical,Lab Test,251.86,Wallet,Reference #2079,November,11,2024,Q4,Tuesday,False,Low (<₹500)
348,2024-11-23,Sunita Patel,Health & Medical,Gym Membership,1519.5,Debit Card,N/A,November,11,2024,Q4,Saturday,True,Medium (₹500–2K)
233,2024-11-24,Sunita Patel,Health & Medical,Gym Membership,370.94,Credit Card,Reference #3526,November,11,2024,Q4,Sunday,True,Low (<₹500)
183,2024-11-26,Sunita Patel,Personal Care,Salon Visit,218.06,Credit Card,N/A,November,11,2024,Q4,Tuesday,False,Low (<₹500)
412,2024-11-26,Rohan Das,Transportation,Metro Card Recharge,522.72,Cash,N/A,November,11,2024,Q4,Tuesday,False,Medium (₹500–2K)
413,2024-11-26,Priya Sharma,Food & Dining,Restaurant Bill,2529.65,UPI,N/A,November,11,2024,Q4,Tuesday,False,High (₹2K–5K)
212,2024-11-27,Anita Joshi,Transportation,Transportation Expense,77.47,Credit Card,N/A,November,11,2024,Q4,Wednesday,False,Low (<₹500)
119,2024-11-29,Rohan Das,Transportation,Auto Rickshaw,547.77,Credit Card,Reference #1606,November,11,2024,Q4,Friday,False,Medium (₹500–2K)
39,2024-11-30,Anita Joshi,Entertainment,Netflix Subscription,1262.19,Net Banking,N/A,November,11,2024,Q4,Saturday,True,Medium (₹500–2K)
187,2024-12-01,Arjun Mehta,Utilities,DTH Recharge,603.3,UPI,N/A,December,12,2024,Q4,Sunday,True,Medium (₹500–2K)
155,2024-12-01,Priya Sharma,Education,College Fee,1014.86,Wallet,N/A,December,12,2024,Q4,Sunday,True,Medium (₹500–2K)
61,2024-12-01,Rohan Das,Shopping,Amazon Purchase,1371.13,Debit Card,Reference #7965,December,12,2024,Q4,Sunday,True,Medium (₹500–2K)
186,2024-12-02,Anita Joshi,Health & Medical,Pharmacy,924.03,Net Banking,Reference #6461,December,12,2024,Q4,Monday,False,Medium (₹500–2K)
401,2024-12-02,Priya Sharma,Travel,Hotel Stay,510.97,UPI,Reference #2703,December,12,2024,Q4,Monday,False,Medium (₹500–2K)
151,2024-12-03,Anita Joshi,Food & Dining,Grocery Shopping,1979.74,Net Banking,N/A,December,12,2024,Q4,Tuesday,False,Medium (₹500–2K)
116,2024-12-03,Sunita Patel,Education,Udemy Purchase,3109.66,UPI,N/A,December,12,2024,Q4,Tuesday,False,High (₹2K–5K)
58,2024-12-05,Arjun Mehta,Health & Medical,Gym Membership,922.98,Wallet,Reference #6491,December,12,2024,Q4,Thursday,False,Medium (₹500–2K)
255,2024-12-05,Anita Joshi,Food & Dining,Swiggy Delivery,880.12,UPI,Reference #7173,December,12,2024,Q4,Thursday,False,Medium (₹500–2K)
142,2024-12-09,Anita Joshi,Food & Dining,Home Cooked Supplies,1188.75,Wallet,N/A,December,12,2024,Q4,Monday,False,Medium (₹500–2K)
309,2024-12-11,Sunita Patel,Food & Dining,Restaurant Bill,2051.58,UPI,N/A,December,12,2024,Q4,Wednesday,False,High (₹2K–5K)
122,2024-12-11,Rohan Das,Health & Medical,Medicine,2570.12,Net Banking,N/A,December,12,2024,Q4,Wednesday,False,High (₹2K–5K)
338,2024-12-12,Anita Joshi,Food & Dining,Cafe Coffee,2460.66,Wallet,N/A,December,12,2024,Q4,Thursday,False,High (₹2K–5K)
137,2024-12-12,Priya Sharma,Food & Dining,Home Cooked Supplies,2419.6,Wallet,N/A,December,12,2024,Q4,Thursday,False,High (₹2K–5K)
50,2024-12-13,Sunita Patel,Transportation,Petrol Fill,432.05,Net Banking,Reference #1452,December,12,2024,Q4,Friday,False,Low (<₹500)
278,2024-12-14,Sunita Patel,Utilities,Gas Bill,774.39,Net Banking,Reference #9008,December,12,2024,Q4,Saturday,True,Medium (₹500–2K)
229,2024-12-14,Sunita Patel,Health & Medical,Lab Test,1404.93,Net Banking,N/A,December,12,2024,Q4,Saturday,True,Medium (₹500–2K)
387,2024-12-14,Anita Joshi,Health & Medical,Doctor Consultation,2520.13,Wallet,N/A,December,12,2024,Q4,Saturday,True,High (₹2K–5K)
14,2024-12-14,Priya Sharma,Food & Dining,Swiggy Delivery,483.96,UPI,Reference #2040,December,12,2024,Q4,Saturday,True,Low (<₹500)
449,2024-12-15,Arjun Mehta,Food & Dining,Restaurant Bill,288.08,UPI,N/A,December,12,2024,Q4,Sunday,True,Low (<₹500)
465,2024-12-15,Rohan Das,Shopping,Flipkart Order,4350.22,Credit Card,N/A,December,12,2024,Q4,Sunday,True,High (₹2K–5K)
408,2024-12-17,Sunita Patel,Utilities,Gas Bill,317.55,Net Banking,Reference #1660,December,12,2024,Q4,Tuesday,False,Low (<₹500)
273,2024-12-17,Priya Sharma,Transportation,Uber Ride,169.79,Net Banking,N/A,December,12,2024,Q4,Tuesday,False,Low (<₹500)
41,2024-12-17,Anita Joshi,Food & Dining,Grocery Shopping,922.91,Wallet,N/A,December,12,2024,Q4,Tuesday,False,Medium (₹500–2K)
251,2024-12-18,Priya Sharma,Personal Care,Salon Visit,917.18,Wallet,Reference #8775,December,12,2024,Q4,Wednesday,False,Medium (₹500–2K)
86,2024-12-19,Rohan Das,Shopping,Grocery Mart,3839.19,Debit Card,N/A,December,12,2024,Q4,Thursday,False,High (₹2K–5K)
87,2024-12-20,Priya Sharma,Food & Dining,Grocery Shopping,631.83,Credit Card,N/A,December,12,2024,Q4,Friday,False,Medium (₹500–2K)
336,2024-12-20,Rohan Das,Shopping,Amazon Purchase,2764.96,Debit Card,N/A,December,12,2024,Q4,Friday,False,High (₹2K–5K)
214,2024-12-20,Rohan Das,Transportation,Petrol Fill,190.11,UPI,Reference #9507,December,12,2024,Q4,Friday,False,Low (<₹500)
365,2024-12-21,Priya Sharma,Transportation,Auto Rickshaw,612.35,Debit Card,Reference #8996,December,12,2024,Q4,Saturday,True,Medium (₹500–2K)
111,2024-12-23,Arjun Mehta,Utilities,Electricity Bill,769.55,Net Banking,N/A,December,12,2024,Q4,Monday,False,Medium (₹500–2K)
403,2024-12-24,Arjun Mehta,Utilities,DTH Recharge,875.69,Cash,N/A,December,12,2024,Q4,Tuesday,False,Medium (₹500–2K)
281,2024-12-24,Anita Joshi,Food & Dining,Swiggy Delivery,1116.87,Cash,N/A,December,12,2024,Q4,Tuesday,False,Medium (₹500–2K)
3,2024-12-25,Priya Sharma,Shopping,Shopping Expense,3636.89,Debit Card,N/A,December,12,2024,Q4,Wednesday,False,High (₹2K–5K)
389,2024-12-25,Arjun Mehta,Food & Dining,Food & Dining Expense,1798.96,Cash,N/A,December,12,2024,Q4,Wednesday,False,Medium (₹500–2K)
430,2024-12-25,Sunita Patel,Food & Dining,Cafe Coffee,1849.19,Net Banking,Reference #1530,December,12,2024,Q4,Wednesday,False,Medium (₹500–2K)
171,2024-12-26,Rohan Das,Food & Dining,Swiggy Delivery,1012.5,Credit Card,Reference #6802,December,12,2024,Q4,Thursday,False,Medium (₹500–2K)
124,2024-12-26,Rohan Das,Personal Care,Spa,1164.52,Cash,N/A,December,12,2024,Q4,Thursday,False,Medium (₹500–2K)
43,2024-12-27,Sunita Patel,Food & Dining,Food & Dining Expense,1160.41,UPI,Reference #1158,December,12,2024,Q4,Friday,False,Medium (₹500–2K)
201,2024-12-27,Rohan Das,Entertainment,Gaming,363.71,UPI,N/A,December,12,2024,Q4,Friday,False,Low (<₹500)
81,2024-12-28,Sunita Patel,Health & Medical,Health & Medical Expense,2503.25,Credit Card,N/A,December,12,2024,Q4,Saturday,True,High (₹2K–5K)
343,2024-12-29,Rohan Das,Rent & Housing,Water Bill,6603.17,Net Banking,N/A,December,12,2024,Q4,Sunday,True,Very High (>₹5K)
200,2024-12-31,Priya Sharma,Rent & Housing,House Maintenance,4189.0,UPI,Reference #3254,December,12,2024,Q4,Tuesday,False,High (₹2K–5K)
